name,description,price,category,image_url,active
CALABRESA - Brotinha,"Ingredientes: Molho, mussarela, calabresa, tomate, cebola e orégano. | Tamanho: Brotinha | Fatias: - | Limite de sabores: 1 sabor | Tabela de preço: Tradicionais/Doces",15,Pizza Tradicional,/images/pizzas_cardapio/Calabresa.webp,true
CALABRESA - P (4 Fatias),"Ingredientes: Molho, mussarela, calabresa, tomate, cebola e orégano. | Tamanho: P | Fatias: 4 Fatias | Limite de sabores: até 2 sabores | Tabela de preço: Tradicionais/Doces",30,Pizza Tradicional,/images/pizzas_cardapio/Calabresa.webp,true
CALABRESA - M (6 Fatias),"Ingredientes: Molho, mussarela, calabresa, tomate, cebola e orégano. | Tamanho: M | Fatias: 6 Fatias | Limite de sabores: até 3 sabores | Tabela de preço: Tradicionais/Doces",40,Pizza Tradicional,/images/pizzas_cardapio/Calabresa.webp,true
CALABRESA - G (8 Fatias),"Ingredientes: Molho, mussarela, calabresa, tomate, cebola e orégano. | Tamanho: G | Fatias: 8 Fatias | Limite de sabores: até 3 sabores | Tabela de preço: Tradicionais/Doces",50,Pizza Tradicional,/images/pizzas_cardapio/Calabresa.webp,true
CALABRESA - F (10 Fatias),"Ingredientes: Molho, mussarela, calabresa, tomate, cebola e orégano. | Tamanho: F | Fatias: 10 Fatias | Limite de sabores: até 4 sabores | Tabela de preço: Tradicionais/Doces",60,Pizza Tradicional,/images/pizzas_cardapio/Calabresa.webp,true
CALABRESA - XF (12 Fatias),"Ingredientes: Molho, mussarela, calabresa, tomate, cebola e orégano. | Tamanho: XF | Fatias: 12 Fatias | Limite de sabores: até 4 sabores | Tabela de preço: Tradicionais/Doces",70,Pizza Tradicional,/images/pizzas_cardapio/Calabresa.webp,true
CALABRESA - GG (14 Fatias),"Ingredientes: Molho, mussarela, calabresa, tomate, cebola e orégano. | Tamanho: GG | Fatias: 14 Fatias | Limite de sabores: até 4 sabores | Tabela de preço: Tradicionais/Doces",90,Pizza Tradicional,/images/pizzas_cardapio/Calabresa.webp,true
CALABRESA - Extra 70x70cm (16 Fatias),"Ingredientes: Molho, mussarela, calabresa, tomate, cebola e orégano. | Tamanho: Extra (70x70cm) | Fatias: 16 Fatias | Limite de sabores: até 4 sabores | Tabela de preço: Tradicionais/Doces",150,Pizza Tradicional,/images/pizzas_cardapio/Calabresa.webp,true
A MODA DA CASA - Brotinha,"Ingredientes: Molho, mussarela, presunto, frango, milho, ovo, azeitona e orégano. | Tamanho: Brotinha | Fatias: - | Limite de sabores: 1 sabor | Tabela de preço: Tradicionais/Doces",15,Pizza Tradicional,/images/pizzas_cardapio/A Moda da Casa.webp,true
A MODA DA CASA - P (4 Fatias),"Ingredientes: Molho, mussarela, presunto, frango, milho, ovo, azeitona e orégano. | Tamanho: P | Fatias: 4 Fatias | Limite de sabores: até 2 sabores | Tabela de preço: Tradicionais/Doces",30,Pizza Tradicional,/images/pizzas_cardapio/A Moda da Casa.webp,true
A MODA DA CASA - M (6 Fatias),"Ingredientes: Molho, mussarela, presunto, frango, milho, ovo, azeitona e orégano. | Tamanho: M | Fatias: 6 Fatias | Limite de sabores: até 3 sabores | Tabela de preço: Tradicionais/Doces",40,Pizza Tradicional,/images/pizzas_cardapio/A Moda da Casa.webp,true
A MODA DA CASA - G (8 Fatias),"Ingredientes: Molho, mussarela, presunto, frango, milho, ovo, azeitona e orégano. | Tamanho: G | Fatias: 8 Fatias | Limite de sabores: até 3 sabores | Tabela de preço: Tradicionais/Doces",50,Pizza Tradicional,/images/pizzas_cardapio/A Moda da Casa.webp,true
A MODA DA CASA - F (10 Fatias),"Ingredientes: Molho, mussarela, presunto, frango, milho, ovo, azeitona e orégano. | Tamanho: F | Fatias: 10 Fatias | Limite de sabores: até 4 sabores | Tabela de preço: Tradicionais/Doces",60,Pizza Tradicional,/images/pizzas_cardapio/A Moda da Casa.webp,true
A MODA DA CASA - XF (12 Fatias),"Ingredientes: Molho, mussarela, presunto, frango, milho, ovo, azeitona e orégano. | Tamanho: XF | Fatias: 12 Fatias | Limite de sabores: até 4 sabores | Tabela de preço: Tradicionais/Doces",70,Pizza Tradicional,/images/pizzas_cardapio/A Moda da Casa.webp,true
A MODA DA CASA - GG (14 Fatias),"Ingredientes: Molho, mussarela, presunto, frango, milho, ovo, azeitona e orégano. | Tamanho: GG | Fatias: 14 Fatias | Limite de sabores: até 4 sabores | Tabela de preço: Tradicionais/Doces",90,Pizza Tradicional,/images/pizzas_cardapio/A Moda da Casa.webp,true
A MODA DA CASA - Extra 70x70cm (16 Fatias),"Ingredientes: Molho, mussarela, presunto, frango, milho, ovo, azeitona e orégano. | Tamanho: Extra (70x70cm) | Fatias: 16 Fatias | Limite de sabores: até 4 sabores | Tabela de preço: Tradicionais/Doces",150,Pizza Tradicional,/images/pizzas_cardapio/A Moda da Casa.webp,true
FRANGO COM CATUPIRY - Brotinha,"Ingredientes: Molho, mussarela, frango, catupiry e orégano. | Tamanho: Brotinha | Fatias: - | Limite de sabores: 1 sabor | Tabela de preço: Tradicionais/Doces",15,Pizza Tradicional,/images/pizzas_cardapio/Frango com Catupiry.webp,true
FRANGO COM CATUPIRY - P (4 Fatias),"Ingredientes: Molho, mussarela, frango, catupiry e orégano. | Tamanho: P | Fatias: 4 Fatias | Limite de sabores: até 2 sabores | Tabela de preço: Tradicionais/Doces",30,Pizza Tradicional,/images/pizzas_cardapio/Frango com Catupiry.webp,true
FRANGO COM CATUPIRY - M (6 Fatias),"Ingredientes: Molho, mussarela, frango, catupiry e orégano. | Tamanho: M | Fatias: 6 Fatias | Limite de sabores: até 3 sabores | Tabela de preço: Tradicionais/Doces",40,Pizza Tradicional,/images/pizzas_cardapio/Frango com Catupiry.webp,true
FRANGO COM CATUPIRY - G (8 Fatias),"Ingredientes: Molho, mussarela, frango, catupiry e orégano. | Tamanho: G | Fatias: 8 Fatias | Limite de sabores: até 3 sabores | Tabela de preço: Tradicionais/Doces",50,Pizza Tradicional,/images/pizzas_cardapio/Frango com Catupiry.webp,true
FRANGO COM CATUPIRY - F (10 Fatias),"Ingredientes: Molho, mussarela, frango, catupiry e orégano. | Tamanho: F | Fatias: 10 Fatias | Limite de sabores: até 4 sabores | Tabela de preço: Tradicionais/Doces",60,Pizza Tradicional,/images/pizzas_cardapio/Frango com Catupiry.webp,true
FRANGO COM CATUPIRY - XF (12 Fatias),"Ingredientes: Molho, mussarela, frango, catupiry e orégano. | Tamanho: XF | Fatias: 12 Fatias | Limite de sabores: até 4 sabores | Tabela de preço: Tradicionais/Doces",70,Pizza Tradicional,/images/pizzas_cardapio/Frango com Catupiry.webp,true
FRANGO COM CATUPIRY - GG (14 Fatias),"Ingredientes: Molho, mussarela, frango, catupiry e orégano. | Tamanho: GG | Fatias: 14 Fatias | Limite de sabores: até 4 sabores | Tabela de preço: Tradicionais/Doces",90,Pizza Tradicional,/images/pizzas_cardapio/Frango com Catupiry.webp,true
FRANGO COM CATUPIRY - Extra 70x70cm (16 Fatias),"Ingredientes: Molho, mussarela, frango, catupiry e orégano. | Tamanho: Extra (70x70cm) | Fatias: 16 Fatias | Limite de sabores: até 4 sabores | Tabela de preço: Tradicionais/Doces",150,Pizza Tradicional,/images/pizzas_cardapio/Frango com Catupiry.webp,true
BACON COM MILHO - Brotinha,"Ingredientes: Molho, mussarela, bacon, milho, tomate, cebola e orégano. | Tamanho: Brotinha | Fatias: - | Limite de sabores: 1 sabor | Tabela de preço: Tradicionais/Doces",15,Pizza Tradicional,/images/pizzas_cardapio/Bacon com Milho.webp,true
BACON COM MILHO - P (4 Fatias),"Ingredientes: Molho, mussarela, bacon, milho, tomate, cebola e orégano. | Tamanho: P | Fatias: 4 Fatias | Limite de sabores: até 2 sabores | Tabela de preço: Tradicionais/Doces",30,Pizza Tradicional,/images/pizzas_cardapio/Bacon com Milho.webp,true
BACON COM MILHO - M (6 Fatias),"Ingredientes: Molho, mussarela, bacon, milho, tomate, cebola e orégano. | Tamanho: M | Fatias: 6 Fatias | Limite de sabores: até 3 sabores | Tabela de preço: Tradicionais/Doces",40,Pizza Tradicional,/images/pizzas_cardapio/Bacon com Milho.webp,true
BACON COM MILHO - G (8 Fatias),"Ingredientes: Molho, mussarela, bacon, milho, tomate, cebola e orégano. | Tamanho: G | Fatias: 8 Fatias | Limite de sabores: até 3 sabores | Tabela de preço: Tradicionais/Doces",50,Pizza Tradicional,/images/pizzas_cardapio/Bacon com Milho.webp,true
BACON COM MILHO - F (10 Fatias),"Ingredientes: Molho, mussarela, bacon, milho, tomate, cebola e orégano. | Tamanho: F | Fatias: 10 Fatias | Limite de sabores: até 4 sabores | Tabela de preço: Tradicionais/Doces",60,Pizza Tradicional,/images/pizzas_cardapio/Bacon com Milho.webp,true
BACON COM MILHO - XF (12 Fatias),"Ingredientes: Molho, mussarela, bacon, milho, tomate, cebola e orégano. | Tamanho: XF | Fatias: 12 Fatias | Limite de sabores: até 4 sabores | Tabela de preço: Tradicionais/Doces",70,Pizza Tradicional,/images/pizzas_cardapio/Bacon com Milho.webp,true
BACON COM MILHO - GG (14 Fatias),"Ingredientes: Molho, mussarela, bacon, milho, tomate, cebola e orégano. | Tamanho: GG | Fatias: 14 Fatias | Limite de sabores: até 4 sabores | Tabela de preço: Tradicionais/Doces",90,Pizza Tradicional,/images/pizzas_cardapio/Bacon com Milho.webp,true
BACON COM MILHO - Extra 70x70cm (16 Fatias),"Ingredientes: Molho, mussarela, bacon, milho, tomate, cebola e orégano. | Tamanho: Extra (70x70cm) | Fatias: 16 Fatias | Limite de sabores: até 4 sabores | Tabela de preço: Tradicionais/Doces",150,Pizza Tradicional,/images/pizzas_cardapio/Bacon com Milho.webp,true
MISTA - Brotinha,"Ingredientes: Molho, mussarela, presunto, frango, calabresa, milho, azeitona e orégano. | Tamanho: Brotinha | Fatias: - | Limite de sabores: 1 sabor | Tabela de preço: Tradicionais/Doces",15,Pizza Tradicional,/images/pizzas_cardapio/Mista.webp,true
MISTA - P (4 Fatias),"Ingredientes: Molho, mussarela, presunto, frango, calabresa, milho, azeitona e orégano. | Tamanho: P | Fatias: 4 Fatias | Limite de sabores: até 2 sabores | Tabela de preço: Tradicionais/Doces",30,Pizza Tradicional,/images/pizzas_cardapio/Mista.webp,true
MISTA - M (6 Fatias),"Ingredientes: Molho, mussarela, presunto, frango, calabresa, milho, azeitona e orégano. | Tamanho: M | Fatias: 6 Fatias | Limite de sabores: até 3 sabores | Tabela de preço: Tradicionais/Doces",40,Pizza Tradicional,/images/pizzas_cardapio/Mista.webp,true
MISTA - G (8 Fatias),"Ingredientes: Molho, mussarela, presunto, frango, calabresa, milho, azeitona e orégano. | Tamanho: G | Fatias: 8 Fatias | Limite de sabores: até 3 sabores | Tabela de preço: Tradicionais/Doces",50,Pizza Tradicional,/images/pizzas_cardapio/Mista.webp,true
MISTA - F (10 Fatias),"Ingredientes: Molho, mussarela, presunto, frango, calabresa, milho, azeitona e orégano. | Tamanho: F | Fatias: 10 Fatias | Limite de sabores: até 4 sabores | Tabela de preço: Tradicionais/Doces",60,Pizza Tradicional,/images/pizzas_cardapio/Mista.webp,true
MISTA - XF (12 Fatias),"Ingredientes: Molho, mussarela, presunto, frango, calabresa, milho, azeitona e orégano. | Tamanho: XF | Fatias: 12 Fatias | Limite de sabores: até 4 sabores | Tabela de preço: Tradicionais/Doces",70,Pizza Tradicional,/images/pizzas_cardapio/Mista.webp,true
MISTA - GG (14 Fatias),"Ingredientes: Molho, mussarela, presunto, frango, calabresa, milho, azeitona e orégano. | Tamanho: GG | Fatias: 14 Fatias | Limite de sabores: até 4 sabores | Tabela de preço: Tradicionais/Doces",90,Pizza Tradicional,/images/pizzas_cardapio/Mista.webp,true
MISTA - Extra 70x70cm (16 Fatias),"Ingredientes: Molho, mussarela, presunto, frango, calabresa, milho, azeitona e orégano. | Tamanho: Extra (70x70cm) | Fatias: 16 Fatias | Limite de sabores: até 4 sabores | Tabela de preço: Tradicionais/Doces",150,Pizza Tradicional,/images/pizzas_cardapio/Mista.webp,true
MEXICANA - Brotinha,"Ingredientes: Molho, mussarela, pimentão, pimenta calabresa, tomate, cebola e orégano. | Tamanho: Brotinha | Fatias: - | Limite de sabores: 1 sabor | Tabela de preço: Tradicionais/Doces",15,Pizza Tradicional,/images/pizzas_cardapio/Mexicana.webp,true
MEXICANA - P (4 Fatias),"Ingredientes: Molho, mussarela, pimentão, pimenta calabresa, tomate, cebola e orégano. | Tamanho: P | Fatias: 4 Fatias | Limite de sabores: até 2 sabores | Tabela de preço: Tradicionais/Doces",30,Pizza Tradicional,/images/pizzas_cardapio/Mexicana.webp,true
MEXICANA - M (6 Fatias),"Ingredientes: Molho, mussarela, pimentão, pimenta calabresa, tomate, cebola e orégano. | Tamanho: M | Fatias: 6 Fatias | Limite de sabores: até 3 sabores | Tabela de preço: Tradicionais/Doces",40,Pizza Tradicional,/images/pizzas_cardapio/Mexicana.webp,true
MEXICANA - G (8 Fatias),"Ingredientes: Molho, mussarela, pimentão, pimenta calabresa, tomate, cebola e orégano. | Tamanho: G | Fatias: 8 Fatias | Limite de sabores: até 3 sabores | Tabela de preço: Tradicionais/Doces",50,Pizza Tradicional,/images/pizzas_cardapio/Mexicana.webp,true
MEXICANA - F (10 Fatias),"Ingredientes: Molho, mussarela, pimentão, pimenta calabresa, tomate, cebola e orégano. | Tamanho: F | Fatias: 10 Fatias | Limite de sabores: até 4 sabores | Tabela de preço: Tradicionais/Doces",60,Pizza Tradicional,/images/pizzas_cardapio/Mexicana.webp,true
MEXICANA - XF (12 Fatias),"Ingredientes: Molho, mussarela, pimentão, pimenta calabresa, tomate, cebola e orégano. | Tamanho: XF | Fatias: 12 Fatias | Limite de sabores: até 4 sabores | Tabela de preço: Tradicionais/Doces",70,Pizza Tradicional,/images/pizzas_cardapio/Mexicana.webp,true
MEXICANA - GG (14 Fatias),"Ingredientes: Molho, mussarela, pimentão, pimenta calabresa, tomate, cebola e orégano. | Tamanho: GG | Fatias: 14 Fatias | Limite de sabores: até 4 sabores | Tabela de preço: Tradicionais/Doces",90,Pizza Tradicional,/images/pizzas_cardapio/Mexicana.webp,true
MEXICANA - Extra 70x70cm (16 Fatias),"Ingredientes: Molho, mussarela, pimentão, pimenta calabresa, tomate, cebola e orégano. | Tamanho: Extra (70x70cm) | Fatias: 16 Fatias | Limite de sabores: até 4 sabores | Tabela de preço: Tradicionais/Doces",150,Pizza Tradicional,/images/pizzas_cardapio/Mexicana.webp,true
PORTUGUESA - Brotinha,"Ingredientes: Molho, mussarela, presunto, tomate, cebola, milho, ovo, catupiry, azeitona e orégano. | Tamanho: Brotinha | Fatias: - | Limite de sabores: 1 sabor | Tabela de preço: Tradicionais/Doces",15,Pizza Tradicional,/images/pizzas_cardapio/Portuguesa.webp,true
PORTUGUESA - P (4 Fatias),"Ingredientes: Molho, mussarela, presunto, tomate, cebola, milho, ovo, catupiry, azeitona e orégano. | Tamanho: P | Fatias: 4 Fatias | Limite de sabores: até 2 sabores | Tabela de preço: Tradicionais/Doces",30,Pizza Tradicional,/images/pizzas_cardapio/Portuguesa.webp,true
PORTUGUESA - M (6 Fatias),"Ingredientes: Molho, mussarela, presunto, tomate, cebola, milho, ovo, catupiry, azeitona e orégano. | Tamanho: M | Fatias: 6 Fatias | Limite de sabores: até 3 sabores | Tabela de preço: Tradicionais/Doces",40,Pizza Tradicional,/images/pizzas_cardapio/Portuguesa.webp,true
PORTUGUESA - G (8 Fatias),"Ingredientes: Molho, mussarela, presunto, tomate, cebola, milho, ovo, catupiry, azeitona e orégano. | Tamanho: G | Fatias: 8 Fatias | Limite de sabores: até 3 sabores | Tabela de preço: Tradicionais/Doces",50,Pizza Tradicional,/images/pizzas_cardapio/Portuguesa.webp,true
PORTUGUESA - F (10 Fatias),"Ingredientes: Molho, mussarela, presunto, tomate, cebola, milho, ovo, catupiry, azeitona e orégano. | Tamanho: F | Fatias: 10 Fatias | Limite de sabores: até 4 sabores | Tabela de preço: Tradicionais/Doces",60,Pizza Tradicional,/images/pizzas_cardapio/Portuguesa.webp,true
PORTUGUESA - XF (12 Fatias),"Ingredientes: Molho, mussarela, presunto, tomate, cebola, milho, ovo, catupiry, azeitona e orégano. | Tamanho: XF | Fatias: 12 Fatias | Limite de sabores: até 4 sabores | Tabela de preço: Tradicionais/Doces",70,Pizza Tradicional,/images/pizzas_cardapio/Portuguesa.webp,true
PORTUGUESA - GG (14 Fatias),"Ingredientes: Molho, mussarela, presunto, tomate, cebola, milho, ovo, catupiry, azeitona e orégano. | Tamanho: GG | Fatias: 14 Fatias | Limite de sabores: até 4 sabores | Tabela de preço: Tradicionais/Doces",90,Pizza Tradicional,/images/pizzas_cardapio/Portuguesa.webp,true
PORTUGUESA - Extra 70x70cm (16 Fatias),"Ingredientes: Molho, mussarela, presunto, tomate, cebola, milho, ovo, catupiry, azeitona e orégano. | Tamanho: Extra (70x70cm) | Fatias: 16 Fatias | Limite de sabores: até 4 sabores | Tabela de preço: Tradicionais/Doces",150,Pizza Tradicional,/images/pizzas_cardapio/Portuguesa.webp,true
FRANGO - Brotinha,"Ingredientes: Molho, mussarela, frango, tomate, cebola e orégano. | Tamanho: Brotinha | Fatias: - | Limite de sabores: 1 sabor | Tabela de preço: Tradicionais/Doces",15,Pizza Tradicional,/images/pizzas_cardapio/Frango.webp,true
FRANGO - P (4 Fatias),"Ingredientes: Molho, mussarela, frango, tomate, cebola e orégano. | Tamanho: P | Fatias: 4 Fatias | Limite de sabores: até 2 sabores | Tabela de preço: Tradicionais/Doces",30,Pizza Tradicional,/images/pizzas_cardapio/Frango.webp,true
FRANGO - M (6 Fatias),"Ingredientes: Molho, mussarela, frango, tomate, cebola e orégano. | Tamanho: M | Fatias: 6 Fatias | Limite de sabores: até 3 sabores | Tabela de preço: Tradicionais/Doces",40,Pizza Tradicional,/images/pizzas_cardapio/Frango.webp,true
FRANGO - G (8 Fatias),"Ingredientes: Molho, mussarela, frango, tomate, cebola e orégano. | Tamanho: G | Fatias: 8 Fatias | Limite de sabores: até 3 sabores | Tabela de preço: Tradicionais/Doces",50,Pizza Tradicional,/images/pizzas_cardapio/Frango.webp,true
FRANGO - F (10 Fatias),"Ingredientes: Molho, mussarela, frango, tomate, cebola e orégano. | Tamanho: F | Fatias: 10 Fatias | Limite de sabores: até 4 sabores | Tabela de preço: Tradicionais/Doces",60,Pizza Tradicional,/images/pizzas_cardapio/Frango.webp,true
FRANGO - XF (12 Fatias),"Ingredientes: Molho, mussarela, frango, tomate, cebola e orégano. | Tamanho: XF | Fatias: 12 Fatias | Limite de sabores: até 4 sabores | Tabela de preço: Tradicionais/Doces",70,Pizza Tradicional,/images/pizzas_cardapio/Frango.webp,true
FRANGO - GG (14 Fatias),"Ingredientes: Molho, mussarela, frango, tomate, cebola e orégano. | Tamanho: GG | Fatias: 14 Fatias | Limite de sabores: até 4 sabores | Tabela de preço: Tradicionais/Doces",90,Pizza Tradicional,/images/pizzas_cardapio/Frango.webp,true
FRANGO - Extra 70x70cm (16 Fatias),"Ingredientes: Molho, mussarela, frango, tomate, cebola e orégano. | Tamanho: Extra (70x70cm) | Fatias: 16 Fatias | Limite de sabores: até 4 sabores | Tabela de preço: Tradicionais/Doces",150,Pizza Tradicional,/images/pizzas_cardapio/Frango.webp,true
SEIS COBERTAS - Brotinha,"Ingredientes: Molho, mussarela, presunto, frango, milho, tomate e orégano. | Tamanho: Brotinha | Fatias: - | Limite de sabores: 1 sabor | Tabela de preço: Tradicionais/Doces",15,Pizza Tradicional,/images/pizzas_cardapio/Seis Cobertas.webp,true
SEIS COBERTAS - P (4 Fatias),"Ingredientes: Molho, mussarela, presunto, frango, milho, tomate e orégano. | Tamanho: P | Fatias: 4 Fatias | Limite de sabores: até 2 sabores | Tabela de preço: Tradicionais/Doces",30,Pizza Tradicional,/images/pizzas_cardapio/Seis Cobertas.webp,true
SEIS COBERTAS - M (6 Fatias),"Ingredientes: Molho, mussarela, presunto, frango, milho, tomate e orégano. | Tamanho: M | Fatias: 6 Fatias | Limite de sabores: até 3 sabores | Tabela de preço: Tradicionais/Doces",40,Pizza Tradicional,/images/pizzas_cardapio/Seis Cobertas.webp,true
SEIS COBERTAS - G (8 Fatias),"Ingredientes: Molho, mussarela, presunto, frango, milho, tomate e orégano. | Tamanho: G | Fatias: 8 Fatias | Limite de sabores: até 3 sabores | Tabela de preço: Tradicionais/Doces",50,Pizza Tradicional,/images/pizzas_cardapio/Seis Cobertas.webp,true
SEIS COBERTAS - F (10 Fatias),"Ingredientes: Molho, mussarela, presunto, frango, milho, tomate e orégano. | Tamanho: F | Fatias: 10 Fatias | Limite de sabores: até 4 sabores | Tabela de preço: Tradicionais/Doces",60,Pizza Tradicional,/images/pizzas_cardapio/Seis Cobertas.webp,true
SEIS COBERTAS - XF (12 Fatias),"Ingredientes: Molho, mussarela, presunto, frango, milho, tomate e orégano. | Tamanho: XF | Fatias: 12 Fatias | Limite de sabores: até 4 sabores | Tabela de preço: Tradicionais/Doces",70,Pizza Tradicional,/images/pizzas_cardapio/Seis Cobertas.webp,true
SEIS COBERTAS - GG (14 Fatias),"Ingredientes: Molho, mussarela, presunto, frango, milho, tomate e orégano. | Tamanho: GG | Fatias: 14 Fatias | Limite de sabores: até 4 sabores | Tabela de preço: Tradicionais/Doces",90,Pizza Tradicional,/images/pizzas_cardapio/Seis Cobertas.webp,true
SEIS COBERTAS - Extra 70x70cm (16 Fatias),"Ingredientes: Molho, mussarela, presunto, frango, milho, tomate e orégano. | Tamanho: Extra (70x70cm) | Fatias: 16 Fatias | Limite de sabores: até 4 sabores | Tabela de preço: Tradicionais/Doces",150,Pizza Tradicional,/images/pizzas_cardapio/Seis Cobertas.webp,true
PEPPERONI - Brotinha,"Ingredientes: Molho, mussarela, calabresa, bacon, milho, pimentão, tomate, cebola e azeitona. | Tamanho: Brotinha | Fatias: - | Limite de sabores: 1 sabor | Tabela de preço: Tradicionais/Doces",15,Pizza Tradicional,/images/pizzas_cardapio/Pepperoni.webp,true
PEPPERONI - P (4 Fatias),"Ingredientes: Molho, mussarela, calabresa, bacon, milho, pimentão, tomate, cebola e azeitona. | Tamanho: P | Fatias: 4 Fatias | Limite de sabores: até 2 sabores | Tabela de preço: Tradicionais/Doces",30,Pizza Tradicional,/images/pizzas_cardapio/Pepperoni.webp,true
PEPPERONI - M (6 Fatias),"Ingredientes: Molho, mussarela, calabresa, bacon, milho, pimentão, tomate, cebola e azeitona. | Tamanho: M | Fatias: 6 Fatias | Limite de sabores: até 3 sabores | Tabela de preço: Tradicionais/Doces",40,Pizza Tradicional,/images/pizzas_cardapio/Pepperoni.webp,true
PEPPERONI - G (8 Fatias),"Ingredientes: Molho, mussarela, calabresa, bacon, milho, pimentão, tomate, cebola e azeitona. | Tamanho: G | Fatias: 8 Fatias | Limite de sabores: até 3 sabores | Tabela de preço: Tradicionais/Doces",50,Pizza Tradicional,/images/pizzas_cardapio/Pepperoni.webp,true
PEPPERONI - F (10 Fatias),"Ingredientes: Molho, mussarela, calabresa, bacon, milho, pimentão, tomate, cebola e azeitona. | Tamanho: F | Fatias: 10 Fatias | Limite de sabores: até 4 sabores | Tabela de preço: Tradicionais/Doces",60,Pizza Tradicional,/images/pizzas_cardapio/Pepperoni.webp,true
PEPPERONI - XF (12 Fatias),"Ingredientes: Molho, mussarela, calabresa, bacon, milho, pimentão, tomate, cebola e azeitona. | Tamanho: XF | Fatias: 12 Fatias | Limite de sabores: até 4 sabores | Tabela de preço: Tradicionais/Doces",70,Pizza Tradicional,/images/pizzas_cardapio/Pepperoni.webp,true
PEPPERONI - GG (14 Fatias),"Ingredientes: Molho, mussarela, calabresa, bacon, milho, pimentão, tomate, cebola e azeitona. | Tamanho: GG | Fatias: 14 Fatias | Limite de sabores: até 4 sabores | Tabela de preço: Tradicionais/Doces",90,Pizza Tradicional,/images/pizzas_cardapio/Pepperoni.webp,true
PEPPERONI - Extra 70x70cm (16 Fatias),"Ingredientes: Molho, mussarela, calabresa, bacon, milho, pimentão, tomate, cebola e azeitona. | Tamanho: Extra (70x70cm) | Fatias: 16 Fatias | Limite de sabores: até 4 sabores | Tabela de preço: Tradicionais/Doces",150,Pizza Tradicional,/images/pizzas_cardapio/Pepperoni.webp,true
MUSSARELA - Brotinha,"Ingredientes: Molho, mussarela, tomate, azeitona e orégano. | Tamanho: Brotinha | Fatias: - | Limite de sabores: 1 sabor | Tabela de preço: Tradicionais/Doces",15,Pizza Tradicional,/images/pizzas_cardapio/Mussarela.webp,true
MUSSARELA - P (4 Fatias),"Ingredientes: Molho, mussarela, tomate, azeitona e orégano. | Tamanho: P | Fatias: 4 Fatias | Limite de sabores: até 2 sabores | Tabela de preço: Tradicionais/Doces",30,Pizza Tradicional,/images/pizzas_cardapio/Mussarela.webp,true
MUSSARELA - M (6 Fatias),"Ingredientes: Molho, mussarela, tomate, azeitona e orégano. | Tamanho: M | Fatias: 6 Fatias | Limite de sabores: até 3 sabores | Tabela de preço: Tradicionais/Doces",40,Pizza Tradicional,/images/pizzas_cardapio/Mussarela.webp,true
MUSSARELA - G (8 Fatias),"Ingredientes: Molho, mussarela, tomate, azeitona e orégano. | Tamanho: G | Fatias: 8 Fatias | Limite de sabores: até 3 sabores | Tabela de preço: Tradicionais/Doces",50,Pizza Tradicional,/images/pizzas_cardapio/Mussarela.webp,true
MUSSARELA - F (10 Fatias),"Ingredientes: Molho, mussarela, tomate, azeitona e orégano. | Tamanho: F | Fatias: 10 Fatias | Limite de sabores: até 4 sabores | Tabela de preço: Tradicionais/Doces",60,Pizza Tradicional,/images/pizzas_cardapio/Mussarela.webp,true
MUSSARELA - XF (12 Fatias),"Ingredientes: Molho, mussarela, tomate, azeitona e orégano. | Tamanho: XF | Fatias: 12 Fatias | Limite de sabores: até 4 sabores | Tabela de preço: Tradicionais/Doces",70,Pizza Tradicional,/images/pizzas_cardapio/Mussarela.webp,true
MUSSARELA - GG (14 Fatias),"Ingredientes: Molho, mussarela, tomate, azeitona e orégano. | Tamanho: GG | Fatias: 14 Fatias | Limite de sabores: até 4 sabores | Tabela de preço: Tradicionais/Doces",90,Pizza Tradicional,/images/pizzas_cardapio/Mussarela.webp,true
MUSSARELA - Extra 70x70cm (16 Fatias),"Ingredientes: Molho, mussarela, tomate, azeitona e orégano. | Tamanho: Extra (70x70cm) | Fatias: 16 Fatias | Limite de sabores: até 4 sabores | Tabela de preço: Tradicionais/Doces",150,Pizza Tradicional,/images/pizzas_cardapio/Mussarela.webp,true
VEGETARIANA - Brotinha,"Ingredientes: Molho, mussarela, tomate, cebola, pimentão, milho, batata palha, azeitona e orégano. | Tamanho: Brotinha | Fatias: - | Limite de sabores: 1 sabor | Tabela de preço: Tradicionais/Doces",15,Pizza Tradicional,/images/pizzas_cardapio/Vegetariana.webp,true
VEGETARIANA - P (4 Fatias),"Ingredientes: Molho, mussarela, tomate, cebola, pimentão, milho, batata palha, azeitona e orégano. | Tamanho: P | Fatias: 4 Fatias | Limite de sabores: até 2 sabores | Tabela de preço: Tradicionais/Doces",30,Pizza Tradicional,/images/pizzas_cardapio/Vegetariana.webp,true
VEGETARIANA - M (6 Fatias),"Ingredientes: Molho, mussarela, tomate, cebola, pimentão, milho, batata palha, azeitona e orégano. | Tamanho: M | Fatias: 6 Fatias | Limite de sabores: até 3 sabores | Tabela de preço: Tradicionais/Doces",40,Pizza Tradicional,/images/pizzas_cardapio/Vegetariana.webp,true
VEGETARIANA - G (8 Fatias),"Ingredientes: Molho, mussarela, tomate, cebola, pimentão, milho, batata palha, azeitona e orégano. | Tamanho: G | Fatias: 8 Fatias | Limite de sabores: até 3 sabores | Tabela de preço: Tradicionais/Doces",50,Pizza Tradicional,/images/pizzas_cardapio/Vegetariana.webp,true
VEGETARIANA - F (10 Fatias),"Ingredientes: Molho, mussarela, tomate, cebola, pimentão, milho, batata palha, azeitona e orégano. | Tamanho: F | Fatias: 10 Fatias | Limite de sabores: até 4 sabores | Tabela de preço: Tradicionais/Doces",60,Pizza Tradicional,/images/pizzas_cardapio/Vegetariana.webp,true
VEGETARIANA - XF (12 Fatias),"Ingredientes: Molho, mussarela, tomate, cebola, pimentão, milho, batata palha, azeitona e orégano. | Tamanho: XF | Fatias: 12 Fatias | Limite de sabores: até 4 sabores | Tabela de preço: Tradicionais/Doces",70,Pizza Tradicional,/images/pizzas_cardapio/Vegetariana.webp,true
VEGETARIANA - GG (14 Fatias),"Ingredientes: Molho, mussarela, tomate, cebola, pimentão, milho, batata palha, azeitona e orégano. | Tamanho: GG | Fatias: 14 Fatias | Limite de sabores: até 4 sabores | Tabela de preço: Tradicionais/Doces",90,Pizza Tradicional,/images/pizzas_cardapio/Vegetariana.webp,true
VEGETARIANA - Extra 70x70cm (16 Fatias),"Ingredientes: Molho, mussarela, tomate, cebola, pimentão, milho, batata palha, azeitona e orégano. | Tamanho: Extra (70x70cm) | Fatias: 16 Fatias | Limite de sabores: até 4 sabores | Tabela de preço: Tradicionais/Doces",150,Pizza Tradicional,/images/pizzas_cardapio/Vegetariana.webp,true
BALACUBANA - Brotinha,"Ingredientes: Molho, mussarela, presunto, frango, bacon, cebola e azeitona. | Tamanho: Brotinha | Fatias: - | Limite de sabores: 1 sabor | Tabela de preço: Tradicionais/Doces",15,Pizza Tradicional,/images/pizzas_cardapio/Balacubana.webp,true
BALACUBANA - P (4 Fatias),"Ingredientes: Molho, mussarela, presunto, frango, bacon, cebola e azeitona. | Tamanho: P | Fatias: 4 Fatias | Limite de sabores: até 2 sabores | Tabela de preço: Tradicionais/Doces",30,Pizza Tradicional,/images/pizzas_cardapio/Balacubana.webp,true
BALACUBANA - M (6 Fatias),"Ingredientes: Molho, mussarela, presunto, frango, bacon, cebola e azeitona. | Tamanho: M | Fatias: 6 Fatias | Limite de sabores: até 3 sabores | Tabela de preço: Tradicionais/Doces",40,Pizza Tradicional,/images/pizzas_cardapio/Balacubana.webp,true
BALACUBANA - G (8 Fatias),"Ingredientes: Molho, mussarela, presunto, frango, bacon, cebola e azeitona. | Tamanho: G | Fatias: 8 Fatias | Limite de sabores: até 3 sabores | Tabela de preço: Tradicionais/Doces",50,Pizza Tradicional,/images/pizzas_cardapio/Balacubana.webp,true
BALACUBANA - F (10 Fatias),"Ingredientes: Molho, mussarela, presunto, frango, bacon, cebola e azeitona. | Tamanho: F | Fatias: 10 Fatias | Limite de sabores: até 4 sabores | Tabela de preço: Tradicionais/Doces",60,Pizza Tradicional,/images/pizzas_cardapio/Balacubana.webp,true
BALACUBANA - XF (12 Fatias),"Ingredientes: Molho, mussarela, presunto, frango, bacon, cebola e azeitona. | Tamanho: XF | Fatias: 12 Fatias | Limite de sabores: até 4 sabores | Tabela de preço: Tradicionais/Doces",70,Pizza Tradicional,/images/pizzas_cardapio/Balacubana.webp,true
BALACUBANA - GG (14 Fatias),"Ingredientes: Molho, mussarela, presunto, frango, bacon, cebola e azeitona. | Tamanho: GG | Fatias: 14 Fatias | Limite de sabores: até 4 sabores | Tabela de preço: Tradicionais/Doces",90,Pizza Tradicional,/images/pizzas_cardapio/Balacubana.webp,true
BALACUBANA - Extra 70x70cm (16 Fatias),"Ingredientes: Molho, mussarela, presunto, frango, bacon, cebola e azeitona. | Tamanho: Extra (70x70cm) | Fatias: 16 Fatias | Limite de sabores: até 4 sabores | Tabela de preço: Tradicionais/Doces",150,Pizza Tradicional,/images/pizzas_cardapio/Balacubana.webp,true
BAIANA - Brotinha,"Ingredientes: Molho, mussarela, presunto, cebola, ovo, pimenta calabresa, azeitona e orégano. | Tamanho: Brotinha | Fatias: - | Limite de sabores: 1 sabor | Tabela de preço: Tradicionais/Doces",15,Pizza Tradicional,/images/pizzas_cardapio/Baiana.webp,true
BAIANA - P (4 Fatias),"Ingredientes: Molho, mussarela, presunto, cebola, ovo, pimenta calabresa, azeitona e orégano. | Tamanho: P | Fatias: 4 Fatias | Limite de sabores: até 2 sabores | Tabela de preço: Tradicionais/Doces",30,Pizza Tradicional,/images/pizzas_cardapio/Baiana.webp,true
BAIANA - M (6 Fatias),"Ingredientes: Molho, mussarela, presunto, cebola, ovo, pimenta calabresa, azeitona e orégano. | Tamanho: M | Fatias: 6 Fatias | Limite de sabores: até 3 sabores | Tabela de preço: Tradicionais/Doces",40,Pizza Tradicional,/images/pizzas_cardapio/Baiana.webp,true
BAIANA - G (8 Fatias),"Ingredientes: Molho, mussarela, presunto, cebola, ovo, pimenta calabresa, azeitona e orégano. | Tamanho: G | Fatias: 8 Fatias | Limite de sabores: até 3 sabores | Tabela de preço: Tradicionais/Doces",50,Pizza Tradicional,/images/pizzas_cardapio/Baiana.webp,true
BAIANA - F (10 Fatias),"Ingredientes: Molho, mussarela, presunto, cebola, ovo, pimenta calabresa, azeitona e orégano. | Tamanho: F | Fatias: 10 Fatias | Limite de sabores: até 4 sabores | Tabela de preço: Tradicionais/Doces",60,Pizza Tradicional,/images/pizzas_cardapio/Baiana.webp,true
BAIANA - XF (12 Fatias),"Ingredientes: Molho, mussarela, presunto, cebola, ovo, pimenta calabresa, azeitona e orégano. | Tamanho: XF | Fatias: 12 Fatias | Limite de sabores: até 4 sabores | Tabela de preço: Tradicionais/Doces",70,Pizza Tradicional,/images/pizzas_cardapio/Baiana.webp,true
BAIANA - GG (14 Fatias),"Ingredientes: Molho, mussarela, presunto, cebola, ovo, pimenta calabresa, azeitona e orégano. | Tamanho: GG | Fatias: 14 Fatias | Limite de sabores: até 4 sabores | Tabela de preço: Tradicionais/Doces",90,Pizza Tradicional,/images/pizzas_cardapio/Baiana.webp,true
BAIANA - Extra 70x70cm (16 Fatias),"Ingredientes: Molho, mussarela, presunto, cebola, ovo, pimenta calabresa, azeitona e orégano. | Tamanho: Extra (70x70cm) | Fatias: 16 Fatias | Limite de sabores: até 4 sabores | Tabela de preço: Tradicionais/Doces",150,Pizza Tradicional,/images/pizzas_cardapio/Baiana.webp,true
NORDESTINA - Brotinha,"Ingredientes: Molho, mussarela, carne de sol, cebola roxa, cheiro verde, pimenta calabresa e orégano. | Tamanho: Brotinha | Fatias: - | Limite de sabores: 1 sabor | Tabela de preço: Especiais | Observação: qualquer pizza montada com sabor especial utiliza a tabela de preço das pizzas especiais.",20,Pizza Especial,/images/pizzas_cardapio/Nordestina.webp,true
NORDESTINA - P (4 Fatias),"Ingredientes: Molho, mussarela, carne de sol, cebola roxa, cheiro verde, pimenta calabresa e orégano. | Tamanho: P | Fatias: 4 Fatias | Limite de sabores: até 2 sabores | Tabela de preço: Especiais | Observação: qualquer pizza montada com sabor especial utiliza a tabela de preço das pizzas especiais.",35,Pizza Especial,/images/pizzas_cardapio/Nordestina.webp,true
NORDESTINA - M (6 Fatias),"Ingredientes: Molho, mussarela, carne de sol, cebola roxa, cheiro verde, pimenta calabresa e orégano. | Tamanho: M | Fatias: 6 Fatias | Limite de sabores: até 3 sabores | Tabela de preço: Especiais | Observação: qualquer pizza montada com sabor especial utiliza a tabela de preço das pizzas especiais.",45,Pizza Especial,/images/pizzas_cardapio/Nordestina.webp,true
NORDESTINA - G (8 Fatias),"Ingredientes: Molho, mussarela, carne de sol, cebola roxa, cheiro verde, pimenta calabresa e orégano. | Tamanho: G | Fatias: 8 Fatias | Limite de sabores: até 3 sabores | Tabela de preço: Especiais | Observação: qualquer pizza montada com sabor especial utiliza a tabela de preço das pizzas especiais.",55,Pizza Especial,/images/pizzas_cardapio/Nordestina.webp,true
NORDESTINA - F (10 Fatias),"Ingredientes: Molho, mussarela, carne de sol, cebola roxa, cheiro verde, pimenta calabresa e orégano. | Tamanho: F | Fatias: 10 Fatias | Limite de sabores: até 4 sabores | Tabela de preço: Especiais | Observação: qualquer pizza montada com sabor especial utiliza a tabela de preço das pizzas especiais.",70,Pizza Especial,/images/pizzas_cardapio/Nordestina.webp,true
NORDESTINA - XF (12 Fatias),"Ingredientes: Molho, mussarela, carne de sol, cebola roxa, cheiro verde, pimenta calabresa e orégano. | Tamanho: XF | Fatias: 12 Fatias | Limite de sabores: até 4 sabores | Tabela de preço: Especiais | Observação: qualquer pizza montada com sabor especial utiliza a tabela de preço das pizzas especiais.",80,Pizza Especial,/images/pizzas_cardapio/Nordestina.webp,true
NORDESTINA - GG (14 Fatias),"Ingredientes: Molho, mussarela, carne de sol, cebola roxa, cheiro verde, pimenta calabresa e orégano. | Tamanho: GG | Fatias: 14 Fatias | Limite de sabores: até 4 sabores | Tabela de preço: Especiais | Observação: qualquer pizza montada com sabor especial utiliza a tabela de preço das pizzas especiais.",100,Pizza Especial,/images/pizzas_cardapio/Nordestina.webp,true
NORDESTINA - Extra 70x70cm (16 Fatias),"Ingredientes: Molho, mussarela, carne de sol, cebola roxa, cheiro verde, pimenta calabresa e orégano. | Tamanho: Extra (70x70cm) | Fatias: 16 Fatias | Limite de sabores: até 4 sabores | Tabela de preço: Especiais | Observação: qualquer pizza montada com sabor especial utiliza a tabela de preço das pizzas especiais.",160,Pizza Especial,/images/pizzas_cardapio/Nordestina.webp,true
CARNE DE SOL - Brotinha,"Ingredientes: Molho, mussarela, carne de sol, cebola, tomate e orégano. | Tamanho: Brotinha | Fatias: - | Limite de sabores: 1 sabor | Tabela de preço: Especiais | Observação: qualquer pizza montada com sabor especial utiliza a tabela de preço das pizzas especiais.",20,Pizza Especial,/images/pizzas_cardapio/Carne de Sol.webp,true
CARNE DE SOL - P (4 Fatias),"Ingredientes: Molho, mussarela, carne de sol, cebola, tomate e orégano. | Tamanho: P | Fatias: 4 Fatias | Limite de sabores: até 2 sabores | Tabela de preço: Especiais | Observação: qualquer pizza montada com sabor especial utiliza a tabela de preço das pizzas especiais.",35,Pizza Especial,/images/pizzas_cardapio/Carne de Sol.webp,true
CARNE DE SOL - M (6 Fatias),"Ingredientes: Molho, mussarela, carne de sol, cebola, tomate e orégano. | Tamanho: M | Fatias: 6 Fatias | Limite de sabores: até 3 sabores | Tabela de preço: Especiais | Observação: qualquer pizza montada com sabor especial utiliza a tabela de preço das pizzas especiais.",45,Pizza Especial,/images/pizzas_cardapio/Carne de Sol.webp,true
CARNE DE SOL - G (8 Fatias),"Ingredientes: Molho, mussarela, carne de sol, cebola, tomate e orégano. | Tamanho: G | Fatias: 8 Fatias | Limite de sabores: até 3 sabores | Tabela de preço: Especiais | Observação: qualquer pizza montada com sabor especial utiliza a tabela de preço das pizzas especiais.",55,Pizza Especial,/images/pizzas_cardapio/Carne de Sol.webp,true
CARNE DE SOL - F (10 Fatias),"Ingredientes: Molho, mussarela, carne de sol, cebola, tomate e orégano. | Tamanho: F | Fatias: 10 Fatias | Limite de sabores: até 4 sabores | Tabela de preço: Especiais | Observação: qualquer pizza montada com sabor especial utiliza a tabela de preço das pizzas especiais.",70,Pizza Especial,/images/pizzas_cardapio/Carne de Sol.webp,true
CARNE DE SOL - XF (12 Fatias),"Ingredientes: Molho, mussarela, carne de sol, cebola, tomate e orégano. | Tamanho: XF | Fatias: 12 Fatias | Limite de sabores: até 4 sabores | Tabela de preço: Especiais | Observação: qualquer pizza montada com sabor especial utiliza a tabela de preço das pizzas especiais.",80,Pizza Especial,/images/pizzas_cardapio/Carne de Sol.webp,true
CARNE DE SOL - GG (14 Fatias),"Ingredientes: Molho, mussarela, carne de sol, cebola, tomate e orégano. | Tamanho: GG | Fatias: 14 Fatias | Limite de sabores: até 4 sabores | Tabela de preço: Especiais | Observação: qualquer pizza montada com sabor especial utiliza a tabela de preço das pizzas especiais.",100,Pizza Especial,/images/pizzas_cardapio/Carne de Sol.webp,true
CARNE DE SOL - Extra 70x70cm (16 Fatias),"Ingredientes: Molho, mussarela, carne de sol, cebola, tomate e orégano. | Tamanho: Extra (70x70cm) | Fatias: 16 Fatias | Limite de sabores: até 4 sabores | Tabela de preço: Especiais | Observação: qualquer pizza montada com sabor especial utiliza a tabela de preço das pizzas especiais.",160,Pizza Especial,/images/pizzas_cardapio/Carne de Sol.webp,true
4 QUEIJOS - Brotinha,"Ingredientes: Molho, mussarela, catupiry, requeijão, parmesão, cebola, tomate e orégano. | Tamanho: Brotinha | Fatias: - | Limite de sabores: 1 sabor | Tabela de preço: Especiais | Observação: qualquer pizza montada com sabor especial utiliza a tabela de preço das pizzas especiais.",20,Pizza Especial,/images/pizzas_cardapio/4 Queijos - segunda imagem.webp,true
4 QUEIJOS - P (4 Fatias),"Ingredientes: Molho, mussarela, catupiry, requeijão, parmesão, cebola, tomate e orégano. | Tamanho: P | Fatias: 4 Fatias | Limite de sabores: até 2 sabores | Tabela de preço: Especiais | Observação: qualquer pizza montada com sabor especial utiliza a tabela de preço das pizzas especiais.",35,Pizza Especial,/images/pizzas_cardapio/4 Queijos - segunda imagem.webp,true
4 QUEIJOS - M (6 Fatias),"Ingredientes: Molho, mussarela, catupiry, requeijão, parmesão, cebola, tomate e orégano. | Tamanho: M | Fatias: 6 Fatias | Limite de sabores: até 3 sabores | Tabela de preço: Especiais | Observação: qualquer pizza montada com sabor especial utiliza a tabela de preço das pizzas especiais.",45,Pizza Especial,/images/pizzas_cardapio/4 Queijos - segunda imagem.webp,true
4 QUEIJOS - G (8 Fatias),"Ingredientes: Molho, mussarela, catupiry, requeijão, parmesão, cebola, tomate e orégano. | Tamanho: G | Fatias: 8 Fatias | Limite de sabores: até 3 sabores | Tabela de preço: Especiais | Observação: qualquer pizza montada com sabor especial utiliza a tabela de preço das pizzas especiais.",55,Pizza Especial,/images/pizzas_cardapio/4 Queijos - segunda imagem.webp,true
4 QUEIJOS - F (10 Fatias),"Ingredientes: Molho, mussarela, catupiry, requeijão, parmesão, cebola, tomate e orégano. | Tamanho: F | Fatias: 10 Fatias | Limite de sabores: até 4 sabores | Tabela de preço: Especiais | Observação: qualquer pizza montada com sabor especial utiliza a tabela de preço das pizzas especiais.",70,Pizza Especial,/images/pizzas_cardapio/4 Queijos - segunda imagem.webp,true
4 QUEIJOS - XF (12 Fatias),"Ingredientes: Molho, mussarela, catupiry, requeijão, parmesão, cebola, tomate e orégano. | Tamanho: XF | Fatias: 12 Fatias | Limite de sabores: até 4 sabores | Tabela de preço: Especiais | Observação: qualquer pizza montada com sabor especial utiliza a tabela de preço das pizzas especiais.",80,Pizza Especial,/images/pizzas_cardapio/4 Queijos - segunda imagem.webp,true
4 QUEIJOS - GG (14 Fatias),"Ingredientes: Molho, mussarela, catupiry, requeijão, parmesão, cebola, tomate e orégano. | Tamanho: GG | Fatias: 14 Fatias | Limite de sabores: até 4 sabores | Tabela de preço: Especiais | Observação: qualquer pizza montada com sabor especial utiliza a tabela de preço das pizzas especiais.",100,Pizza Especial,/images/pizzas_cardapio/4 Queijos - segunda imagem.webp,true
4 QUEIJOS - Extra 70x70cm (16 Fatias),"Ingredientes: Molho, mussarela, catupiry, requeijão, parmesão, cebola, tomate e orégano. | Tamanho: Extra (70x70cm) | Fatias: 16 Fatias | Limite de sabores: até 4 sabores | Tabela de preço: Especiais | Observação: qualquer pizza montada com sabor especial utiliza a tabela de preço das pizzas especiais.",160,Pizza Especial,/images/pizzas_cardapio/4 Queijos - segunda imagem.webp,true
CARNE DE SOL COM BANANA - Brotinha,"Ingredientes: Molho, mussarela, carne de sol, banana frita, requeijão, cebola, tomate e orégano. | Tamanho: Brotinha | Fatias: - | Limite de sabores: 1 sabor | Tabela de preço: Especiais | Observação: qualquer pizza montada com sabor especial utiliza a tabela de preço das pizzas especiais.",20,Pizza Especial,/images/pizzas_cardapio/Carne de Sol com Banana.webp,true
CARNE DE SOL COM BANANA - P (4 Fatias),"Ingredientes: Molho, mussarela, carne de sol, banana frita, requeijão, cebola, tomate e orégano. | Tamanho: P | Fatias: 4 Fatias | Limite de sabores: até 2 sabores | Tabela de preço: Especiais | Observação: qualquer pizza montada com sabor especial utiliza a tabela de preço das pizzas especiais.",35,Pizza Especial,/images/pizzas_cardapio/Carne de Sol com Banana.webp,true
CARNE DE SOL COM BANANA - M (6 Fatias),"Ingredientes: Molho, mussarela, carne de sol, banana frita, requeijão, cebola, tomate e orégano. | Tamanho: M | Fatias: 6 Fatias | Limite de sabores: até 3 sabores | Tabela de preço: Especiais | Observação: qualquer pizza montada com sabor especial utiliza a tabela de preço das pizzas especiais.",45,Pizza Especial,/images/pizzas_cardapio/Carne de Sol com Banana.webp,true
CARNE DE SOL COM BANANA - G (8 Fatias),"Ingredientes: Molho, mussarela, carne de sol, banana frita, requeijão, cebola, tomate e orégano. | Tamanho: G | Fatias: 8 Fatias | Limite de sabores: até 3 sabores | Tabela de preço: Especiais | Observação: qualquer pizza montada com sabor especial utiliza a tabela de preço das pizzas especiais.",55,Pizza Especial,/images/pizzas_cardapio/Carne de Sol com Banana.webp,true
CARNE DE SOL COM BANANA - F (10 Fatias),"Ingredientes: Molho, mussarela, carne de sol, banana frita, requeijão, cebola, tomate e orégano. | Tamanho: F | Fatias: 10 Fatias | Limite de sabores: até 4 sabores | Tabela de preço: Especiais | Observação: qualquer pizza montada com sabor especial utiliza a tabela de preço das pizzas especiais.",70,Pizza Especial,/images/pizzas_cardapio/Carne de Sol com Banana.webp,true
CARNE DE SOL COM BANANA - XF (12 Fatias),"Ingredientes: Molho, mussarela, carne de sol, banana frita, requeijão, cebola, tomate e orégano. | Tamanho: XF | Fatias: 12 Fatias | Limite de sabores: até 4 sabores | Tabela de preço: Especiais | Observação: qualquer pizza montada com sabor especial utiliza a tabela de preço das pizzas especiais.",80,Pizza Especial,/images/pizzas_cardapio/Carne de Sol com Banana.webp,true
CARNE DE SOL COM BANANA - GG (14 Fatias),"Ingredientes: Molho, mussarela, carne de sol, banana frita, requeijão, cebola, tomate e orégano. | Tamanho: GG | Fatias: 14 Fatias | Limite de sabores: até 4 sabores | Tabela de preço: Especiais | Observação: qualquer pizza montada com sabor especial utiliza a tabela de preço das pizzas especiais.",100,Pizza Especial,/images/pizzas_cardapio/Carne de Sol com Banana.webp,true
CARNE DE SOL COM BANANA - Extra 70x70cm (16 Fatias),"Ingredientes: Molho, mussarela, carne de sol, banana frita, requeijão, cebola, tomate e orégano. | Tamanho: Extra (70x70cm) | Fatias: 16 Fatias | Limite de sabores: até 4 sabores | Tabela de preço: Especiais | Observação: qualquer pizza montada com sabor especial utiliza a tabela de preço das pizzas especiais.",160,Pizza Especial,/images/pizzas_cardapio/Carne de Sol com Banana.webp,true
NUTELLA PREMIUM - Brotinha,"Ingredientes: Mussarela, creme de avelã, leite ninho, morangos. | Tamanho: Brotinha | Fatias: - | Limite de sabores: 1 sabor | Tabela de preço: Especiais | Observação: qualquer pizza montada com sabor especial utiliza a tabela de preço das pizzas especiais.",20,Pizza Especial,/images/pizzas_cardapio/Nutella Premium.webp,true
NUTELLA PREMIUM - P (4 Fatias),"Ingredientes: Mussarela, creme de avelã, leite ninho, morangos. | Tamanho: P | Fatias: 4 Fatias | Limite de sabores: até 2 sabores | Tabela de preço: Especiais | Observação: qualquer pizza montada com sabor especial utiliza a tabela de preço das pizzas especiais.",35,Pizza Especial,/images/pizzas_cardapio/Nutella Premium.webp,true
NUTELLA PREMIUM - M (6 Fatias),"Ingredientes: Mussarela, creme de avelã, leite ninho, morangos. | Tamanho: M | Fatias: 6 Fatias | Limite de sabores: até 3 sabores | Tabela de preço: Especiais | Observação: qualquer pizza montada com sabor especial utiliza a tabela de preço das pizzas especiais.",45,Pizza Especial,/images/pizzas_cardapio/Nutella Premium.webp,true
NUTELLA PREMIUM - G (8 Fatias),"Ingredientes: Mussarela, creme de avelã, leite ninho, morangos. | Tamanho: G | Fatias: 8 Fatias | Limite de sabores: até 3 sabores | Tabela de preço: Especiais | Observação: qualquer pizza montada com sabor especial utiliza a tabela de preço das pizzas especiais.",55,Pizza Especial,/images/pizzas_cardapio/Nutella Premium.webp,true
NUTELLA PREMIUM - F (10 Fatias),"Ingredientes: Mussarela, creme de avelã, leite ninho, morangos. | Tamanho: F | Fatias: 10 Fatias | Limite de sabores: até 4 sabores | Tabela de preço: Especiais | Observação: qualquer pizza montada com sabor especial utiliza a tabela de preço das pizzas especiais.",70,Pizza Especial,/images/pizzas_cardapio/Nutella Premium.webp,true
NUTELLA PREMIUM - XF (12 Fatias),"Ingredientes: Mussarela, creme de avelã, leite ninho, morangos. | Tamanho: XF | Fatias: 12 Fatias | Limite de sabores: até 4 sabores | Tabela de preço: Especiais | Observação: qualquer pizza montada com sabor especial utiliza a tabela de preço das pizzas especiais.",80,Pizza Especial,/images/pizzas_cardapio/Nutella Premium.webp,true
NUTELLA PREMIUM - GG (14 Fatias),"Ingredientes: Mussarela, creme de avelã, leite ninho, morangos. | Tamanho: GG | Fatias: 14 Fatias | Limite de sabores: até 4 sabores | Tabela de preço: Especiais | Observação: qualquer pizza montada com sabor especial utiliza a tabela de preço das pizzas especiais.",100,Pizza Especial,/images/pizzas_cardapio/Nutella Premium.webp,true
NUTELLA PREMIUM - Extra 70x70cm (16 Fatias),"Ingredientes: Mussarela, creme de avelã, leite ninho, morangos. | Tamanho: Extra (70x70cm) | Fatias: 16 Fatias | Limite de sabores: até 4 sabores | Tabela de preço: Especiais | Observação: qualquer pizza montada com sabor especial utiliza a tabela de preço das pizzas especiais.",160,Pizza Especial,/images/pizzas_cardapio/Nutella Premium.webp,true
LOMBO CANADENSE - Brotinha,"Ingredientes: Molho, mussarela, lombo canadense, requeijão, bacon, abacaxi, cebola, tomate e orégano. | Tamanho: Brotinha | Fatias: - | Limite de sabores: 1 sabor | Tabela de preço: Especiais | Observação: qualquer pizza montada com sabor especial utiliza a tabela de preço das pizzas especiais.",20,Pizza Especial,/images/pizzas_cardapio/Lombo Canadense.webp,true
LOMBO CANADENSE - P (4 Fatias),"Ingredientes: Molho, mussarela, lombo canadense, requeijão, bacon, abacaxi, cebola, tomate e orégano. | Tamanho: P | Fatias: 4 Fatias | Limite de sabores: até 2 sabores | Tabela de preço: Especiais | Observação: qualquer pizza montada com sabor especial utiliza a tabela de preço das pizzas especiais.",35,Pizza Especial,/images/pizzas_cardapio/Lombo Canadense.webp,true
LOMBO CANADENSE - M (6 Fatias),"Ingredientes: Molho, mussarela, lombo canadense, requeijão, bacon, abacaxi, cebola, tomate e orégano. | Tamanho: M | Fatias: 6 Fatias | Limite de sabores: até 3 sabores | Tabela de preço: Especiais | Observação: qualquer pizza montada com sabor especial utiliza a tabela de preço das pizzas especiais.",45,Pizza Especial,/images/pizzas_cardapio/Lombo Canadense.webp,true
LOMBO CANADENSE - G (8 Fatias),"Ingredientes: Molho, mussarela, lombo canadense, requeijão, bacon, abacaxi, cebola, tomate e orégano. | Tamanho: G | Fatias: 8 Fatias | Limite de sabores: até 3 sabores | Tabela de preço: Especiais | Observação: qualquer pizza montada com sabor especial utiliza a tabela de preço das pizzas especiais.",55,Pizza Especial,/images/pizzas_cardapio/Lombo Canadense.webp,true
LOMBO CANADENSE - F (10 Fatias),"Ingredientes: Molho, mussarela, lombo canadense, requeijão, bacon, abacaxi, cebola, tomate e orégano. | Tamanho: F | Fatias: 10 Fatias | Limite de sabores: até 4 sabores | Tabela de preço: Especiais | Observação: qualquer pizza montada com sabor especial utiliza a tabela de preço das pizzas especiais.",70,Pizza Especial,/images/pizzas_cardapio/Lombo Canadense.webp,true
LOMBO CANADENSE - XF (12 Fatias),"Ingredientes: Molho, mussarela, lombo canadense, requeijão, bacon, abacaxi, cebola, tomate e orégano. | Tamanho: XF | Fatias: 12 Fatias | Limite de sabores: até 4 sabores | Tabela de preço: Especiais | Observação: qualquer pizza montada com sabor especial utiliza a tabela de preço das pizzas especiais.",80,Pizza Especial,/images/pizzas_cardapio/Lombo Canadense.webp,true
LOMBO CANADENSE - GG (14 Fatias),"Ingredientes: Molho, mussarela, lombo canadense, requeijão, bacon, abacaxi, cebola, tomate e orégano. | Tamanho: GG | Fatias: 14 Fatias | Limite de sabores: até 4 sabores | Tabela de preço: Especiais | Observação: qualquer pizza montada com sabor especial utiliza a tabela de preço das pizzas especiais.",100,Pizza Especial,/images/pizzas_cardapio/Lombo Canadense.webp,true
LOMBO CANADENSE - Extra 70x70cm (16 Fatias),"Ingredientes: Molho, mussarela, lombo canadense, requeijão, bacon, abacaxi, cebola, tomate e orégano. | Tamanho: Extra (70x70cm) | Fatias: 16 Fatias | Limite de sabores: até 4 sabores | Tabela de preço: Especiais | Observação: qualquer pizza montada com sabor especial utiliza a tabela de preço das pizzas especiais.",160,Pizza Especial,/images/pizzas_cardapio/Lombo Canadense.webp,true
ESCONDIDINHO - Brotinha,"Ingredientes: Molho, mussarela, carne de sol, catupiry, batata palha, azeitona, cebola, tomate e orégano. | Tamanho: Brotinha | Fatias: - | Limite de sabores: 1 sabor | Tabela de preço: Especiais | Observação: qualquer pizza montada com sabor especial utiliza a tabela de preço das pizzas especiais.",20,Pizza Especial,/images/pizzas_cardapio/Escondidinho.webp,true
ESCONDIDINHO - P (4 Fatias),"Ingredientes: Molho, mussarela, carne de sol, catupiry, batata palha, azeitona, cebola, tomate e orégano. | Tamanho: P | Fatias: 4 Fatias | Limite de sabores: até 2 sabores | Tabela de preço: Especiais | Observação: qualquer pizza montada com sabor especial utiliza a tabela de preço das pizzas especiais.",35,Pizza Especial,/images/pizzas_cardapio/Escondidinho.webp,true
ESCONDIDINHO - M (6 Fatias),"Ingredientes: Molho, mussarela, carne de sol, catupiry, batata palha, azeitona, cebola, tomate e orégano. | Tamanho: M | Fatias: 6 Fatias | Limite de sabores: até 3 sabores | Tabela de preço: Especiais | Observação: qualquer pizza montada com sabor especial utiliza a tabela de preço das pizzas especiais.",45,Pizza Especial,/images/pizzas_cardapio/Escondidinho.webp,true
ESCONDIDINHO - G (8 Fatias),"Ingredientes: Molho, mussarela, carne de sol, catupiry, batata palha, azeitona, cebola, tomate e orégano. | Tamanho: G | Fatias: 8 Fatias | Limite de sabores: até 3 sabores | Tabela de preço: Especiais | Observação: qualquer pizza montada com sabor especial utiliza a tabela de preço das pizzas especiais.",55,Pizza Especial,/images/pizzas_cardapio/Escondidinho.webp,true
ESCONDIDINHO - F (10 Fatias),"Ingredientes: Molho, mussarela, carne de sol, catupiry, batata palha, azeitona, cebola, tomate e orégano. | Tamanho: F | Fatias: 10 Fatias | Limite de sabores: até 4 sabores | Tabela de preço: Especiais | Observação: qualquer pizza montada com sabor especial utiliza a tabela de preço das pizzas especiais.",70,Pizza Especial,/images/pizzas_cardapio/Escondidinho.webp,true
ESCONDIDINHO - XF (12 Fatias),"Ingredientes: Molho, mussarela, carne de sol, catupiry, batata palha, azeitona, cebola, tomate e orégano. | Tamanho: XF | Fatias: 12 Fatias | Limite de sabores: até 4 sabores | Tabela de preço: Especiais | Observação: qualquer pizza montada com sabor especial utiliza a tabela de preço das pizzas especiais.",80,Pizza Especial,/images/pizzas_cardapio/Escondidinho.webp,true
ESCONDIDINHO - GG (14 Fatias),"Ingredientes: Molho, mussarela, carne de sol, catupiry, batata palha, azeitona, cebola, tomate e orégano. | Tamanho: GG | Fatias: 14 Fatias | Limite de sabores: até 4 sabores | Tabela de preço: Especiais | Observação: qualquer pizza montada com sabor especial utiliza a tabela de preço das pizzas especiais.",100,Pizza Especial,/images/pizzas_cardapio/Escondidinho.webp,true
ESCONDIDINHO - Extra 70x70cm (16 Fatias),"Ingredientes: Molho, mussarela, carne de sol, catupiry, batata palha, azeitona, cebola, tomate e orégano. | Tamanho: Extra (70x70cm) | Fatias: 16 Fatias | Limite de sabores: até 4 sabores | Tabela de preço: Especiais | Observação: qualquer pizza montada com sabor especial utiliza a tabela de preço das pizzas especiais.",160,Pizza Especial,/images/pizzas_cardapio/Escondidinho.webp,true
ABACAXI - Brotinha,"Ingredientes: Mussarela, abacaxi e leite condensado. | Tamanho: Brotinha | Fatias: - | Limite de sabores: 1 sabor | Tabela de preço: Tradicionais/Doces",15,Pizza Doce,/images/pizzas_cardapio/Abacaxi.webp,true
ABACAXI - P (4 Fatias),"Ingredientes: Mussarela, abacaxi e leite condensado. | Tamanho: P | Fatias: 4 Fatias | Limite de sabores: até 2 sabores | Tabela de preço: Tradicionais/Doces",30,Pizza Doce,/images/pizzas_cardapio/Abacaxi.webp,true
ABACAXI - M (6 Fatias),"Ingredientes: Mussarela, abacaxi e leite condensado. | Tamanho: M | Fatias: 6 Fatias | Limite de sabores: até 3 sabores | Tabela de preço: Tradicionais/Doces",40,Pizza Doce,/images/pizzas_cardapio/Abacaxi.webp,true
ABACAXI - G (8 Fatias),"Ingredientes: Mussarela, abacaxi e leite condensado. | Tamanho: G | Fatias: 8 Fatias | Limite de sabores: até 3 sabores | Tabela de preço: Tradicionais/Doces",50,Pizza Doce,/images/pizzas_cardapio/Abacaxi.webp,true
ABACAXI - F (10 Fatias),"Ingredientes: Mussarela, abacaxi e leite condensado. | Tamanho: F | Fatias: 10 Fatias | Limite de sabores: até 4 sabores | Tabela de preço: Tradicionais/Doces",60,Pizza Doce,/images/pizzas_cardapio/Abacaxi.webp,true
ABACAXI - XF (12 Fatias),"Ingredientes: Mussarela, abacaxi e leite condensado. | Tamanho: XF | Fatias: 12 Fatias | Limite de sabores: até 4 sabores | Tabela de preço: Tradicionais/Doces",70,Pizza Doce,/images/pizzas_cardapio/Abacaxi.webp,true
ABACAXI - GG (14 Fatias),"Ingredientes: Mussarela, abacaxi e leite condensado. | Tamanho: GG | Fatias: 14 Fatias | Limite de sabores: até 4 sabores | Tabela de preço: Tradicionais/Doces",90,Pizza Doce,/images/pizzas_cardapio/Abacaxi.webp,true
ABACAXI - Extra 70x70cm (16 Fatias),"Ingredientes: Mussarela, abacaxi e leite condensado. | Tamanho: Extra (70x70cm) | Fatias: 16 Fatias | Limite de sabores: até 4 sabores | Tabela de preço: Tradicionais/Doces",150,Pizza Doce,/images/pizzas_cardapio/Abacaxi.webp,true
BANANA - Brotinha,"Ingredientes: Mussarela, banana, canela e leite condensado. | Tamanho: Brotinha | Fatias: - | Limite de sabores: 1 sabor | Tabela de preço: Tradicionais/Doces",15,Pizza Doce,/images/pizzas_cardapio/Banana com Canela.webp,true
BANANA - P (4 Fatias),"Ingredientes: Mussarela, banana, canela e leite condensado. | Tamanho: P | Fatias: 4 Fatias | Limite de sabores: até 2 sabores | Tabela de preço: Tradicionais/Doces",30,Pizza Doce,/images/pizzas_cardapio/Banana com Canela.webp,true
BANANA - M (6 Fatias),"Ingredientes: Mussarela, banana, canela e leite condensado. | Tamanho: M | Fatias: 6 Fatias | Limite de sabores: até 3 sabores | Tabela de preço: Tradicionais/Doces",40,Pizza Doce,/images/pizzas_cardapio/Banana com Canela.webp,true
BANANA - G (8 Fatias),"Ingredientes: Mussarela, banana, canela e leite condensado. | Tamanho: G | Fatias: 8 Fatias | Limite de sabores: até 3 sabores | Tabela de preço: Tradicionais/Doces",50,Pizza Doce,/images/pizzas_cardapio/Banana com Canela.webp,true
BANANA - F (10 Fatias),"Ingredientes: Mussarela, banana, canela e leite condensado. | Tamanho: F | Fatias: 10 Fatias | Limite de sabores: até 4 sabores | Tabela de preço: Tradicionais/Doces",60,Pizza Doce,/images/pizzas_cardapio/Banana com Canela.webp,true
BANANA - XF (12 Fatias),"Ingredientes: Mussarela, banana, canela e leite condensado. | Tamanho: XF | Fatias: 12 Fatias | Limite de sabores: até 4 sabores | Tabela de preço: Tradicionais/Doces",70,Pizza Doce,/images/pizzas_cardapio/Banana com Canela.webp,true
BANANA - GG (14 Fatias),"Ingredientes: Mussarela, banana, canela e leite condensado. | Tamanho: GG | Fatias: 14 Fatias | Limite de sabores: até 4 sabores | Tabela de preço: Tradicionais/Doces",90,Pizza Doce,/images/pizzas_cardapio/Banana com Canela.webp,true
BANANA - Extra 70x70cm (16 Fatias),"Ingredientes: Mussarela, banana, canela e leite condensado. | Tamanho: Extra (70x70cm) | Fatias: 16 Fatias | Limite de sabores: até 4 sabores | Tabela de preço: Tradicionais/Doces",150,Pizza Doce,/images/pizzas_cardapio/Banana com Canela.webp,true
CHOCOLATE - Brotinha,"Ingredientes: Mussarela, chocolate e leite condensado. | Tamanho: Brotinha | Fatias: - | Limite de sabores: 1 sabor | Tabela de preço: Tradicionais/Doces",15,Pizza Doce,/images/pizzas_cardapio/Chocolate Granulado.webp,true
CHOCOLATE - P (4 Fatias),"Ingredientes: Mussarela, chocolate e leite condensado. | Tamanho: P | Fatias: 4 Fatias | Limite de sabores: até 2 sabores | Tabela de preço: Tradicionais/Doces",30,Pizza Doce,/images/pizzas_cardapio/Chocolate Granulado.webp,true
CHOCOLATE - M (6 Fatias),"Ingredientes: Mussarela, chocolate e leite condensado. | Tamanho: M | Fatias: 6 Fatias | Limite de sabores: até 3 sabores | Tabela de preço: Tradicionais/Doces",40,Pizza Doce,/images/pizzas_cardapio/Chocolate Granulado.webp,true
CHOCOLATE - G (8 Fatias),"Ingredientes: Mussarela, chocolate e leite condensado. | Tamanho: G | Fatias: 8 Fatias | Limite de sabores: até 3 sabores | Tabela de preço: Tradicionais/Doces",50,Pizza Doce,/images/pizzas_cardapio/Chocolate Granulado.webp,true
CHOCOLATE - F (10 Fatias),"Ingredientes: Mussarela, chocolate e leite condensado. | Tamanho: F | Fatias: 10 Fatias | Limite de sabores: até 4 sabores | Tabela de preço: Tradicionais/Doces",60,Pizza Doce,/images/pizzas_cardapio/Chocolate Granulado.webp,true
CHOCOLATE - XF (12 Fatias),"Ingredientes: Mussarela, chocolate e leite condensado. | Tamanho: XF | Fatias: 12 Fatias | Limite de sabores: até 4 sabores | Tabela de preço: Tradicionais/Doces",70,Pizza Doce,/images/pizzas_cardapio/Chocolate Granulado.webp,true
CHOCOLATE - GG (14 Fatias),"Ingredientes: Mussarela, chocolate e leite condensado. | Tamanho: GG | Fatias: 14 Fatias | Limite de sabores: até 4 sabores | Tabela de preço: Tradicionais/Doces",90,Pizza Doce,/images/pizzas_cardapio/Chocolate Granulado.webp,true
CHOCOLATE - Extra 70x70cm (16 Fatias),"Ingredientes: Mussarela, chocolate e leite condensado. | Tamanho: Extra (70x70cm) | Fatias: 16 Fatias | Limite de sabores: até 4 sabores | Tabela de preço: Tradicionais/Doces",150,Pizza Doce,/images/pizzas_cardapio/Chocolate Granulado.webp,true
PIZZA DE COCO - Brotinha,"Ingredientes: Mussarela, coco ralado e chocolate. | Tamanho: Brotinha | Fatias: - | Limite de sabores: 1 sabor | Tabela de preço: Tradicionais/Doces",15,Pizza Doce,/images/pizzas_cardapio/Pizza de Coco.webp,true
PIZZA DE COCO - P (4 Fatias),"Ingredientes: Mussarela, coco ralado e chocolate. | Tamanho: P | Fatias: 4 Fatias | Limite de sabores: até 2 sabores | Tabela de preço: Tradicionais/Doces",30,Pizza Doce,/images/pizzas_cardapio/Pizza de Coco.webp,true
PIZZA DE COCO - M (6 Fatias),"Ingredientes: Mussarela, coco ralado e chocolate. | Tamanho: M | Fatias: 6 Fatias | Limite de sabores: até 3 sabores | Tabela de preço: Tradicionais/Doces",40,Pizza Doce,/images/pizzas_cardapio/Pizza de Coco.webp,true
PIZZA DE COCO - G (8 Fatias),"Ingredientes: Mussarela, coco ralado e chocolate. | Tamanho: G | Fatias: 8 Fatias | Limite de sabores: até 3 sabores | Tabela de preço: Tradicionais/Doces",50,Pizza Doce,/images/pizzas_cardapio/Pizza de Coco.webp,true
PIZZA DE COCO - F (10 Fatias),"Ingredientes: Mussarela, coco ralado e chocolate. | Tamanho: F | Fatias: 10 Fatias | Limite de sabores: até 4 sabores | Tabela de preço: Tradicionais/Doces",60,Pizza Doce,/images/pizzas_cardapio/Pizza de Coco.webp,true
PIZZA DE COCO - XF (12 Fatias),"Ingredientes: Mussarela, coco ralado e chocolate. | Tamanho: XF | Fatias: 12 Fatias | Limite de sabores: até 4 sabores | Tabela de preço: Tradicionais/Doces",70,Pizza Doce,/images/pizzas_cardapio/Pizza de Coco.webp,true
PIZZA DE COCO - GG (14 Fatias),"Ingredientes: Mussarela, coco ralado e chocolate. | Tamanho: GG | Fatias: 14 Fatias | Limite de sabores: até 4 sabores | Tabela de preço: Tradicionais/Doces",90,Pizza Doce,/images/pizzas_cardapio/Pizza de Coco.webp,true
PIZZA DE COCO - Extra 70x70cm (16 Fatias),"Ingredientes: Mussarela, coco ralado e chocolate. | Tamanho: Extra (70x70cm) | Fatias: 16 Fatias | Limite de sabores: até 4 sabores | Tabela de preço: Tradicionais/Doces",150,Pizza Doce,/images/pizzas_cardapio/Pizza de Coco.webp,true
Pastel - FRANGO COM CATUPIRY,"Tipo: Pastel Salgado | Sabor: FRANGO COM CATUPIRY | Observação: o site informa o tipo do pastel, mas não detalha ingredientes além do nome/sabor.",8,Pastel,/images/pasteis/Frango com Catupiry.webp,true
Pastel - FRANGO,"Tipo: Pastel Salgado | Sabor: FRANGO | Observação: o site informa o tipo do pastel, mas não detalha ingredientes além do nome/sabor.",8,Pastel,/images/pasteis/Frango.webp,true
Pastel - QUEIJO,"Tipo: Pastel Salgado | Sabor: QUEIJO | Observação: o site informa o tipo do pastel, mas não detalha ingredientes além do nome/sabor.",8,Pastel,/images/pasteis/Queijo.webp,true
Pastel - QUEIJO E PRESUNTO,"Tipo: Pastel Salgado | Sabor: QUEIJO E PRESUNTO | Observação: o site informa o tipo do pastel, mas não detalha ingredientes além do nome/sabor.",10,Pastel,/images/pasteis/Queijo e Presunto.webp,true
Pastel - PIZZA,"Tipo: Pastel Salgado | Sabor: PIZZA | Observação: o site informa o tipo do pastel, mas não detalha ingredientes além do nome/sabor.",10,Pastel,/images/pasteis/Pizza.webp,true
Pastel - CARNE,"Tipo: Pastel Salgado | Sabor: CARNE | Observação: o site informa o tipo do pastel, mas não detalha ingredientes além do nome/sabor.",10,Pastel,/images/pasteis/Carne.webp,true
Pastel - CARNE E QUEIJO,"Tipo: Pastel Salgado | Sabor: CARNE E QUEIJO | Observação: o site informa o tipo do pastel, mas não detalha ingredientes além do nome/sabor.",10,Pastel,/images/pasteis/Carne e Queijo.webp,true
Pastel - ROMEU E JULIETA,"Tipo: Pastel Doce | Sabor: ROMEU E JULIETA | Observação: o site informa o tipo do pastel, mas não detalha ingredientes além do nome/sabor.",10,Pastel,/images/pasteis/Romeu e Julieta.webp,true
Pastel - DOÇURA,"Tipo: Pastel Doce | Sabor: DOÇURA | Observação: o site informa o tipo do pastel, mas não detalha ingredientes além do nome/sabor.",10,Pastel,/images/pasteis/Doçura.webp,true
Pastel - CHOCOLATE COM QUEIJO,"Tipo: Pastel Doce | Sabor: CHOCOLATE COM QUEIJO | Observação: o site informa o tipo do pastel, mas não detalha ingredientes além do nome/sabor.",10,Pastel,/images/pasteis/Chocolate com Queijo.webp,true
Macarronada - Frango,Descrição/ingredientes: Deliciosa macarronada caseira preparada na hora. Opção: Frango.,20,Porções e Aperitivos,/images/porcos/macarronada.webp,true
Macarronada - Carne,Descrição/ingredientes: Deliciosa macarronada caseira preparada na hora. Opção: Carne.,20,Porções e Aperitivos,/images/porcos/macarronada.webp,true
Batata Frita,Descrição/ingredientes: Batata frita crocante acompanhada de molho.,16,Porções e Aperitivos,/images/porcos/batata-frita.webp,true
Tábua de Frios,"Descrição/ingredientes: Salame com limão, cubos de queijo e azeitona.",30,Porções e Aperitivos,/images/porcos/tabua-de-frios.webp,true
Calabresa Acebolada,Descrição/ingredientes: Calabresa fatiada com cebola frita e farofa.,15,Porções e Aperitivos,/images/porcos/calabresa-acebolada.webp,true
Ovo de Codorna,Descrição/ingredientes: Ovos de codorna temperados com orégano.,10,Porções e Aperitivos,/images/porcos/ovo-de-codorna.webp,true
Mix de Boteco,Descrição/ingredientes: Porção de queijo temperado com orégano.,15,Porções e Aperitivos,/images/porcos/mix-de-boteco.webp,true
Aperitivo de Queijo Temperado,Descrição/ingredientes: Cubos de queijo temperados com orégano e azeitona.,20,Porções e Aperitivos,/images/porcos/aperitivo-queijo-temperado.webp,true
Clássico com Fritas,"Descrição/ingredientes: Filé com batata frita, farofa, vinagrete e molho.",45,Porções e Aperitivos,/images/porcos/classico-com-fritas.webp,true
Aperitivo Nordestino,Descrição/ingredientes: Carne de sol com vinagrete e farofa.,45,Porções e Aperitivos,/images/porcos/aperitivo-nordestino.webp,true
Suco Natural - Laranja,"Suco natural. Opção: Laranja. Sabores disponíveis no grupo: Laranja, Maracujá, Cajá, Acerola e Bacuri.",8,Bebidas,/images/bebidas/suco_natural.webp,true
Suco Natural - Maracujá,"Suco natural. Opção: Maracujá. Sabores disponíveis no grupo: Laranja, Maracujá, Cajá, Acerola e Bacuri.",8,Bebidas,/images/bebidas/suco_natural.webp,true
Suco Natural - Cajá,"Suco natural. Opção: Cajá. Sabores disponíveis no grupo: Laranja, Maracujá, Cajá, Acerola e Bacuri.",8,Bebidas,/images/bebidas/suco_natural.webp,true
Suco Natural - Acerola,"Suco natural. Opção: Acerola. Sabores disponíveis no grupo: Laranja, Maracujá, Cajá, Acerola e Bacuri.",8,Bebidas,/images/bebidas/suco_natural.webp,true
Suco Natural - Bacuri,"Suco natural. Opção: Bacuri. Sabores disponíveis no grupo: Laranja, Maracujá, Cajá, Acerola e Bacuri.",8,Bebidas,/images/bebidas/suco_natural.webp,true
Água - Sem Gás,Água mineral sem gás. Grupo original: Água. Opção: Sem Gás.,4,Bebidas,/images/bebidas/agua_v3.webp,true
Água - Com Gás,Água mineral com gás. Grupo original: Água. Opção: Com Gás.,5,Bebidas,/images/bebidas/agua_v3.webp,true
Coca-Cola 2L - Original,Coca-Cola 2 litros. Opção: Original.,15,Bebidas,/images/bebidas/coca_cola_2l.webp,true
Coca-Cola 2L - Zero,Coca-Cola 2 litros. Opção: Zero.,15,Bebidas,/images/bebidas/coca_cola_2l.webp,true
Refrigerante 2L - Jesus,Refrigerante 2 litros. Opção: Jesus.,15,Bebidas,/images/bebidas/refrigerante_2l.webp,true
Refrigerante 2L - Guaraná,Refrigerante 2 litros. Opção: Guaraná.,15,Bebidas,/images/bebidas/refrigerante_2l.webp,true
Refrigerante Retornável - Coca,Refrigerante retornável Coca. Necessário possuir o casco para troca.,8,Bebidas,/images/bebidas/refrigerante_retornavel.webp,true
Refrigerante 1L - Coca,Refrigerante 1 litro. Opção: Coca.,9,Bebidas,/images/bebidas/refrigerante_1l.webp,true
Refrigerante 1L - Coca Zero,Refrigerante 1 litro. Opção: Coca Zero.,9,Bebidas,/images/bebidas/refrigerante_1l.webp,true
Refrigerante 1L - Jesus,Refrigerante 1 litro. Opção: Jesus.,9,Bebidas,/images/bebidas/refrigerante_1l.webp,true
Refrigerante 1L - Guaraná,Refrigerante 1 litro. Opção: Guaraná.,9,Bebidas,/images/bebidas/refrigerante_1l.webp,true
Refrigerante Lata - Coca,Refrigerante em lata. Opção: Coca.,5,Bebidas,/images/bebidas/refrigerante_lata.webp,true
Refrigerante Lata - Coca Zero,Refrigerante em lata. Opção: Coca Zero.,5,Bebidas,/images/bebidas/refrigerante_lata.webp,true
Refrigerante Lata - Jesus,Refrigerante em lata. Opção: Jesus.,5,Bebidas,/images/bebidas/refrigerante_lata.webp,true
Refrigerante Lata - Guaraná,Refrigerante em lata. Opção: Guaraná.,5,Bebidas,/images/bebidas/refrigerante_lata.webp,true
Refrigerante Lata - Laranja,Refrigerante em lata. Opção: Laranja.,5,Bebidas,/images/bebidas/refrigerante_lata.webp,true
KS - Coca,KS Coca. Necessário possuir o casco para troca.,4,Bebidas,/images/bebidas/ks.webp,true